Model	Dataset	Threshold	TP	FP	TN	FN	ACC	CE
xgboost	train	0.4179645776748657	24	2	53	1	0.9625	0.03749999999999998
