Model	Dataset	Threshold	TP	FP	TN	FN	ACC	CE
svm	test	0.2429839685577082	5	14	20	2	0.6097560975609756	0.3902439024390244
