Model	Dataset	Threshold	TP	FP	TN	FN	ACC	CE
xgboost	test	0.4179645776748657	1	7	27	6	0.6829268292682927	0.31707317073170727
