Model	Dataset	Threshold	TP	FP	TN	FN	ACC	CE
lightgbm	train	0.5402680884177218	24	0	55	1	0.9875	0.012499999999999956
