Model	Dataset	Threshold	TP	FP	TN	FN	ACC	CE
svm	train	0.2429839685577082	24	10	45	1	0.8625	0.13749999999999996
