"Model","Train_AUC","Train_ACC","Train_CE","Test_AUC","Test_ACC","Test_CE"
"glmnet",0.72220090553296,0.653641207815275,0.346358792184725,0.603950103950104,0.603174603174603,0.396825396825397
"xgboost",1,1,0,0.725571725571726,0.650793650793651,0.349206349206349
"rf",1,0.992895204262877,0.00710479573712256,0.753638253638254,0.666666666666667,0.333333333333333
"svm",0.961246258921034,0.886323268206039,0.113676731793961,0.696465696465696,0.682539682539683,0.317460317460317
"lightgbm",1,1,0,0.724532224532225,0.650793650793651,0.349206349206349
