Model	Dataset	Threshold	TP	FP	TN	FN	ACC	CE
xgboost	test	0.5	1	5	29	6	0.7317073170731707	0.2682926829268293
