Model	Dataset	Threshold	TP	FP	TN	FN	ACC	CE
svm	test	0.5	1	4	30	6	0.7560975609756098	0.24390243902439024
