Model	Dataset	Threshold	TP	FP	TN	FN	ACC	CE
glmnet	test	0.5	2	4	30	5	0.7804878048780488	0.2195121951219512
