"Model","Train_AUC","Train_ACC","Train_CE","Test_AUC","Test_ACC","Test_CE"
"glmnet",0.732151536080628,0.676731793960924,0.323268206039076,0.66008316008316,0.666666666666667,0.333333333333333
"xgboost",1,1,0,0.765072765072765,0.682539682539683,0.317460317460317
"rf",1,1,0,0.739085239085239,0.634920634920635,0.365079365079365
"svm",0.878929731665515,0.815275310834814,0.184724689165187,0.687110187110187,0.682539682539683,0.317460317460317
"lightgbm",1,1,0,0.761954261954262,0.650793650793651,0.349206349206349
